miRNA,Gene
hsa-let-7a-5p,ACTB
hsa-let-7b-5p,ACTB
hsa-let-7c-5p,ACTB
hsa-miR-100-5p,ACTB
hsa-miR-1200,ACTB
hsa-miR-1303,ACTB
hsa-miR-145-5p,ACTB
hsa-miR-16-5p,ACTB
hsa-miR-19a-3p,ACTB
hsa-miR-19b-3p,ACTB
hsa-miR-218-5p,ACTB
hsa-miR-221-3p,ACTB
hsa-miR-222-3p,ACTB
hsa-miR-324-5p,ACTB
hsa-miR-3613-3p,ACTB
hsa-miR-455-3p,ACTB
hsa-miR-484,ACTB
hsa-miR-493-3p,ACTB
hsa-miR-520h,ACTB
hsa-miR-544a,ACTB
hsa-miR-548aa,ACTB
hsa-miR-548h-3p,ACTB
hsa-miR-548n,ACTB
hsa-miR-548t-3p,ACTB
hsa-miR-548z,ACTB
hsa-miR-644a,ACTB
hsa-miR-92a-3p,ACTB
hsa-let-7b-5p,ACTG1
hsa-miR-10a-5p,ACTG1
hsa-miR-1180-3p,ACTG1
hsa-miR-149-5p,ACTG1
hsa-miR-16-5p,ACTG1
hsa-miR-197-3p,ACTG1
hsa-miR-221-3p,ACTG1
hsa-miR-222-3p,ACTG1
hsa-miR-331-3p,ACTG1
hsa-miR-34a-5p,ACTG1
hsa-miR-361-5p,ACTG1
hsa-miR-423-5p,ACTG1
hsa-miR-877-5p,ACTG1
hsa-miR-99b-5p,ACTG1
hsa-miR-16-5p,ACTN1
hsa-miR-218-5p,ACTN1
hsa-let-7b-5p,ACTN4
hsa-let-7c-5p,ACTN4
hsa-miR-1180-5p,ACTN4
hsa-miR-16-5p,ACTN4
hsa-miR-185-5p,ACTN4
hsa-miR-193a-3p,ACTN4
hsa-miR-23a-3p,ACTN4
hsa-miR-23b-3p,ACTN4
hsa-miR-26a-5p,ACTN4
hsa-miR-324-3p,ACTN4
hsa-miR-324-5p,ACTN4
hsa-miR-339-5p,ACTN4
hsa-miR-374a-5p,ACTN4
hsa-miR-548a-5p,ACTN4
hsa-miR-548am-5p,ACTN4
hsa-miR-548ar-5p,ACTN4
hsa-miR-548c-5p,ACTN4
hsa-miR-548i,ACTN4
hsa-miR-548j-5p,ACTN4
hsa-miR-548o-5p,ACTN4
hsa-miR-92b-3p,ACTN4
hsa-miR-1180-5p,ADAM9
hsa-miR-125a-5p,ADAM9
hsa-miR-23a-3p,ADAM9
hsa-miR-26b-5p,ADAM9
hsa-miR-30a-5p,ADAM9
hsa-miR-30b-5p,ADAM9
hsa-miR-30c-5p,ADAM9
hsa-miR-30d-5p,ADAM9
hsa-miR-30e-5p,ADAM9
hsa-miR-329-3p,ADAM9
hsa-miR-543,ADAM9
hsa-miR-603,ADAM9
hsa-miR-100-5p,AKT1
hsa-miR-105-5p,AKT1
hsa-miR-125b-5p,AKT1
hsa-miR-143-3p,AKT1
hsa-miR-155-5p,AKT1
hsa-miR-185-5p,AKT1
hsa-miR-199a-3p,AKT1
hsa-miR-19a-3p,AKT1
hsa-miR-26b-5p,AKT1
hsa-miR-302b-3p,AKT1
hsa-miR-302d-3p,AKT1
hsa-miR-365a-3p,AKT1
hsa-miR-365b-3p,AKT1
hsa-miR-378e,AKT1
hsa-miR-378f,AKT1
hsa-miR-422a,AKT1
hsa-miR-518c-5p,AKT1
hsa-miR-654-3p,AKT1
hsa-let-7b-5p,AKT2
hsa-let-7g-5p,AKT2
hsa-miR-149-5p,AKT2
hsa-miR-184,AKT2
hsa-miR-21-5p,AKT2
hsa-miR-29a-3p,AKT2
hsa-miR-29b-3p,AKT2
hsa-miR-29c-3p,AKT2
hsa-miR-302b-3p,AKT2
hsa-miR-423-3p,AKT2
hsa-miR-612,AKT2
hsa-miR-122-5p,AKT3
hsa-miR-15a-5p,AKT3
hsa-miR-15b-5p,AKT3
hsa-miR-16-5p,AKT3
hsa-miR-221-3p,AKT3
hsa-miR-222-3p,AKT3
hsa-miR-29c-3p,AKT3
hsa-miR-361-5p,AKT3
hsa-miR-424-5p,AKT3
hsa-miR-503-5p,AKT3
hsa-miR-5196-3p,AKT3
hsa-miR-519d-3p,AKT3
hsa-miR-520h,AKT3
hsa-miR-106b-5p,APC
hsa-miR-142-3p,APC
hsa-miR-155-5p,APC
hsa-miR-186-5p,APC
hsa-miR-21-5p,APC
hsa-miR-218-5p,APC
hsa-miR-27a-3p,APC
hsa-miR-148b-5p,APC2
hsa-miR-331-3p,ARAF
hsa-miR-103a-3p,ASH1L
hsa-miR-107,ASH1L
hsa-miR-154-5p,ASH1L
hsa-miR-15a-5p,ASH1L
hsa-miR-15b-5p,ASH1L
hsa-miR-16-5p,ASH1L
hsa-miR-17-5p,ASH1L
hsa-miR-185-5p,ASH1L
hsa-miR-214-3p,ASH1L
hsa-miR-3179,ASH1L
hsa-miR-329-3p,ASH1L
hsa-miR-361-5p,ASH1L
hsa-miR-377-3p,ASH1L
hsa-miR-424-5p,ASH1L
hsa-miR-503-5p,ASH1L
hsa-miR-548aa,ASH1L
hsa-miR-548ah-3p,ASH1L
hsa-miR-548j-3p,ASH1L
hsa-miR-548t-3p,ASH1L
hsa-miR-574-5p,ASH1L
hsa-miR-603,ASH1L
hsa-miR-656-3p,ASH1L
hsa-miR-761,ASH1L
hsa-miR-218-5p,AXIN1
hsa-miR-484,AXIN1
hsa-miR-92a-3p,AXIN1
hsa-miR-103a-3p,AXIN2
hsa-miR-107,AXIN2
hsa-miR-15a-5p,AXIN2
hsa-miR-15b-5p,AXIN2
hsa-miR-16-5p,AXIN2
hsa-miR-208a-3p,AXIN2
hsa-miR-34a-5p,AXIN2
hsa-miR-34c-3p,AXIN2
hsa-miR-424-5p,AXIN2
hsa-miR-455-3p,BAIAP2
hsa-miR-105-5p,BCAR1
hsa-miR-522-3p,BCAR1
hsa-miR-548aa,BCAR1
hsa-miR-548t-3p,BCAR1
hsa-let-7a-5p,BCL2
hsa-miR-103a-3p,BCL2
hsa-miR-125b-5p,BCL2
hsa-miR-136-5p,BCL2
hsa-miR-143-3p,BCL2
hsa-miR-15a-5p,BCL2
hsa-miR-15b-5p,BCL2
hsa-miR-16-5p,BCL2
hsa-miR-17-5p,BCL2
hsa-miR-181a-5p,BCL2
hsa-miR-181b-5p,BCL2
hsa-miR-181d-5p,BCL2
hsa-miR-184,BCL2
hsa-miR-18a-5p,BCL2
hsa-miR-1915-3p,BCL2
hsa-miR-200b-3p,BCL2
hsa-miR-20a-5p,BCL2
hsa-miR-21-5p,BCL2
hsa-miR-29a-3p,BCL2
hsa-miR-29b-3p,BCL2
hsa-miR-29c-3p,BCL2
hsa-miR-30b-5p,BCL2
hsa-miR-34a-5p,BCL2
hsa-miR-365a-3p,BCL2
hsa-miR-448,BCL2
hsa-miR-494-3p,BCL2
hsa-miR-503-5p,BCL2
hsa-miR-15a-5p,BHLHE40
hsa-miR-15b-5p,BHLHE40
hsa-miR-16-5p,BHLHE40
hsa-miR-1915-3p,BHLHE40
hsa-miR-329-3p,BHLHE40
hsa-miR-374a-5p,BHLHE40
hsa-miR-454-3p,BHLHE40
hsa-miR-483-3p,BHLHE40
hsa-miR-603,BHLHE40
hsa-miR-767-3p,BHLHE40
hsa-miR-143-3p,BRAF
hsa-miR-145-5p,BRAF
hsa-miR-191-5p,BRAF
hsa-miR-15a-5p,CASK
hsa-miR-15b-5p,CASK
hsa-miR-16-5p,CASK
hsa-miR-424-5p,CASK
hsa-miR-503-5p,CASK
hsa-let-7a-5p,CCND1
hsa-let-7b-5p,CCND1
hsa-let-7c-5p,CCND1
hsa-let-7d-5p,CCND1
hsa-let-7e-5p,CCND1
hsa-let-7f-5p,CCND1
hsa-let-7g-5p,CCND1
hsa-let-7i-5p,CCND1
hsa-miR-106a-5p,CCND1
hsa-miR-106b-5p,CCND1
hsa-miR-1193,CCND1
hsa-miR-1234-3p,CCND1
hsa-miR-1253,CCND1
hsa-miR-1257,CCND1
hsa-miR-152-3p,CCND1
hsa-miR-155-5p,CCND1
hsa-miR-15a-5p,CCND1
hsa-miR-15b-5p,CCND1
hsa-miR-16-5p,CCND1
hsa-miR-17-5p,CCND1
hsa-miR-18a-5p,CCND1
hsa-miR-18b-5p,CCND1
hsa-miR-19a-3p,CCND1
hsa-miR-20a-5p,CCND1
hsa-miR-20b-5p,CCND1
hsa-miR-216b-3p,CCND1
hsa-miR-24-3p,CCND1
hsa-miR-26b-5p,CCND1
hsa-miR-27a-3p,CCND1
hsa-miR-29a-3p,CCND1
hsa-miR-34a-5p,CCND1
hsa-miR-365a-3p,CCND1
hsa-miR-374a-5p,CCND1
hsa-miR-374b-5p,CCND1
hsa-miR-424-5p,CCND1
hsa-miR-448,CCND1
hsa-miR-490-3p,CCND1
hsa-miR-491-3p,CCND1
hsa-miR-494-3p,CCND1
hsa-miR-503-5p,CCND1
hsa-miR-516b-5p,CCND1
hsa-miR-518c-5p,CCND1
hsa-miR-5196-5p,CCND1
hsa-miR-519d-3p,CCND1
hsa-miR-548ah-5p,CCND1
hsa-miR-574-5p,CCND1
hsa-miR-603,CCND1
hsa-miR-891b,CCND1
hsa-miR-92a-3p,CCND1
hsa-miR-93-5p,CCND1
hsa-miR-944,CCND1
hsa-miR-9-5p,CCND1
hsa-miR-98-5p,CCND1
hsa-let-7a-5p,CCND2
hsa-let-7b-5p,CCND2
hsa-miR-106b-5p,CCND2
hsa-miR-1200,CCND2
hsa-miR-1297,CCND2
hsa-miR-130a-3p,CCND2
hsa-miR-154-5p,CCND2
hsa-miR-15a-5p,CCND2
hsa-miR-15b-5p,CCND2
hsa-miR-16-5p,CCND2
hsa-miR-17-5p,CCND2
hsa-miR-185-5p,CCND2
hsa-miR-191-5p,CCND2
hsa-miR-19a-3p,CCND2
hsa-miR-19b-3p,CCND2
hsa-miR-20a-5p,CCND2
hsa-miR-26a-5p,CCND2
hsa-miR-26b-5p,CCND2
hsa-miR-29a-3p,CCND2
hsa-miR-29b-3p,CCND2
hsa-miR-29c-3p,CCND2
hsa-miR-301a-3p,CCND2
hsa-miR-302b-3p,CCND2
hsa-miR-302d-3p,CCND2
hsa-miR-30c-5p,CCND2
hsa-miR-324-3p,CCND2
hsa-miR-3613-3p,CCND2
hsa-miR-372-3p,CCND2
hsa-miR-382-5p,CCND2
hsa-miR-423-5p,CCND2
hsa-miR-424-5p,CCND2
hsa-miR-454-3p,CCND2
hsa-miR-503-5p,CCND2
hsa-miR-505-3p,CCND2
hsa-miR-519a-3p,CCND2
hsa-miR-520d-3p,CCND2
hsa-miR-520e,CCND2
hsa-miR-603,CCND2
hsa-miR-656-3p,CCND2
hsa-miR-877-5p,CCND2
hsa-miR-890,CCND2
hsa-let-7b-5p,CCND3
hsa-miR-16-5p,CCND3
hsa-miR-218-5p,CCND3
hsa-miR-27b-3p,CCND3
hsa-miR-28-5p,CCND3
hsa-miR-324-5p,CCND3
hsa-miR-34a-5p,CCND3
hsa-miR-424-5p,CCND3
hsa-miR-503-5p,CCND3
hsa-miR-106b-5p,CDC42
hsa-miR-185-5p,CDC42
hsa-miR-29a-3p,CDC42
hsa-miR-29b-3p,CDC42
hsa-miR-29c-3p,CDC42
hsa-miR-484,CDC42
hsa-miR-608,CDC42
hsa-miR-122-5p,CDK4
hsa-miR-125a-3p,CDK4
hsa-miR-130a-3p,CDK4
hsa-miR-145-5p,CDK4
hsa-miR-155-5p,CDK4
hsa-miR-15b-5p,CDK4
hsa-miR-216b-5p,CDK4
hsa-miR-24-3p,CDK4
hsa-miR-25-3p,CDK4
hsa-miR-29a-3p,CDK4
hsa-miR-301a-3p,CDK4
hsa-miR-34a-5p,CDK4
hsa-miR-431-5p,CDK4
hsa-miR-454-3p,CDK4
hsa-miR-483-3p,CDK4
hsa-miR-548a-5p,CDK4
hsa-miR-548am-5p,CDK4
hsa-miR-548ar-5p,CDK4
hsa-miR-548c-5p,CDK4
hsa-miR-548i,CDK4
hsa-miR-548j-5p,CDK4
hsa-miR-548o-5p,CDK4
hsa-miR-766-3p,CDK4
hsa-miR-324-5p,CFL1
hsa-miR-34a-5p,CFL1
hsa-miR-484,CFL1
hsa-miR-125b-5p,CGN
hsa-miR-186-5p,CGN
hsa-miR-19b-3p,CGN
hsa-miR-186-5p,CLDN23
hsa-miR-222-3p,CLDN23
hsa-let-7e-5p,CLDN4
hsa-miR-484,CLDN7
hsa-let-7e-5p,CREBBP
hsa-miR-100-5p,CREBBP
hsa-miR-125b-5p,CREBBP
hsa-miR-218-5p,CREBBP
hsa-miR-324-3p,CREBBP
hsa-miR-543,CREBBP
hsa-let-7c-5p,CRK
hsa-let-7e-5p,CRK
hsa-miR-106a-5p,CRK
hsa-miR-106b-5p,CRK
hsa-miR-10a-5p,CRK
hsa-miR-1257,CRK
hsa-miR-125a-5p,CRK
hsa-miR-1260b,CRK
hsa-miR-132-3p,CRK
hsa-miR-135b-3p,CRK
hsa-miR-15a-5p,CRK
hsa-miR-15b-5p,CRK
hsa-miR-16-5p,CRK
hsa-miR-17-5p,CRK
hsa-miR-186-5p,CRK
hsa-miR-1915-3p,CRK
hsa-miR-20a-5p,CRK
hsa-miR-20b-5p,CRK
hsa-miR-216b-3p,CRK
hsa-miR-302b-3p,CRK
hsa-miR-302d-3p,CRK
hsa-miR-30a-3p,CRK
hsa-miR-329-3p,CRK
hsa-miR-370-3p,CRK
hsa-miR-372-3p,CRK
hsa-miR-410-3p,CRK
hsa-miR-423-3p,CRK
hsa-miR-424-5p,CRK
hsa-miR-503-5p,CRK
hsa-miR-5196-5p,CRK
hsa-miR-519d-3p,CRK
hsa-miR-520d-3p,CRK
hsa-miR-520e,CRK
hsa-miR-548ah-5p,CRK
hsa-miR-548n,CRK
hsa-miR-603,CRK
hsa-miR-619-3p,CRK
hsa-miR-93-5p,CRK
hsa-let-7b-5p,CRKL
hsa-miR-103a-3p,CRKL
hsa-miR-107,CRKL
hsa-miR-1205,CRKL
hsa-miR-1253,CRKL
hsa-miR-15a-5p,CRKL
hsa-miR-15b-5p,CRKL
hsa-miR-16-5p,CRKL
hsa-miR-193b-5p,CRKL
hsa-miR-214-3p,CRKL
hsa-miR-23b-3p,CRKL
hsa-miR-29a-3p,CRKL
hsa-miR-3065-5p,CRKL
hsa-miR-30c-1-3p,CRKL
hsa-miR-424-5p,CRKL
hsa-miR-455-5p,CRKL
hsa-miR-508-5p,CRKL
hsa-miR-761,CRKL
hsa-miR-766-3p,CRKL
hsa-miR-890,CRKL
hsa-miR-940,CRKL
hsa-miR-944,CRKL
hsa-miR-98-5p,CRKL
hsa-miR-106a-5p,CSNK1A1
hsa-miR-106b-5p,CSNK1A1
hsa-miR-1297,CSNK1A1
hsa-miR-136-5p,CSNK1A1
hsa-miR-155-5p,CSNK1A1
hsa-miR-17-5p,CSNK1A1
hsa-miR-181a-5p,CSNK1A1
hsa-miR-181b-5p,CSNK1A1
hsa-miR-181d-5p,CSNK1A1
hsa-miR-186-5p,CSNK1A1
hsa-miR-199a-3p,CSNK1A1
hsa-miR-199b-3p,CSNK1A1
hsa-miR-20a-5p,CSNK1A1
hsa-miR-20b-5p,CSNK1A1
hsa-miR-21-5p,CSNK1A1
hsa-miR-26a-5p,CSNK1A1
hsa-miR-26b-5p,CSNK1A1
hsa-miR-302b-3p,CSNK1A1
hsa-miR-302d-3p,CSNK1A1
hsa-miR-324-3p,CSNK1A1
hsa-miR-372-3p,CSNK1A1
hsa-miR-505-3p,CSNK1A1
hsa-miR-519a-3p,CSNK1A1
hsa-miR-519d-3p,CSNK1A1
hsa-miR-520d-3p,CSNK1A1
hsa-miR-520e,CSNK1A1
hsa-miR-93-5p,CSNK1A1
hsa-let-7a-5p,CSNK2A1
hsa-let-7b-5p,CSNK2A1
hsa-let-7c-5p,CSNK2A1
hsa-miR-103a-3p,CSNK2A1
hsa-miR-107,CSNK2A1
hsa-miR-10a-5p,CSNK2A1
hsa-miR-1183,CSNK2A1
hsa-miR-1205,CSNK2A1
hsa-miR-1253,CSNK2A1
hsa-miR-125a-5p,CSNK2A1
hsa-miR-125b-5p,CSNK2A1
hsa-miR-1260a,CSNK2A1
hsa-miR-1260b,CSNK2A1
hsa-miR-1304-5p,CSNK2A1
hsa-miR-136-5p,CSNK2A1
hsa-miR-186-5p,CSNK2A1
hsa-miR-188-3p,CSNK2A1
hsa-miR-193a-5p,CSNK2A1
hsa-miR-216b-5p,CSNK2A1
hsa-miR-22-3p,CSNK2A1
hsa-miR-337-3p,CSNK2A1
hsa-miR-504-5p,CSNK2A1
hsa-miR-548ai,CSNK2A1
hsa-miR-570-5p,CSNK2A1
hsa-miR-1200,CTBP1
hsa-miR-1253,CTBP1
hsa-miR-26a-5p,CTBP1
hsa-miR-940,CTBP1
hsa-let-7b-5p,CTBP2
hsa-miR-141-3p,CTBP2
hsa-miR-339-5p,CTBP2
hsa-miR-155-5p,CTNNA1
hsa-miR-218-5p,CTNNA1
hsa-miR-142-3p,CTNNB1
hsa-miR-155-5p,CTNNB1
hsa-miR-2113,CTNNB1
hsa-miR-214-3p,CTNNB1
hsa-miR-221-3p,CTNNB1
hsa-miR-30a-5p,CTNNB1
hsa-miR-3144-3p,CTNNB1
hsa-miR-331-3p,CTNNB1
hsa-miR-34a-5p,CTNNB1
hsa-miR-34c-3p,CTNNB1
hsa-miR-520h,CTNNB1
hsa-miR-185-5p,CTTN
hsa-miR-34a-5p,CTTN
hsa-miR-382-5p,CTTN
hsa-miR-448,CTTN
hsa-miR-548aa,CTTN
hsa-miR-548t-3p,CTTN
hsa-miR-92a-3p,CTTN
hsa-miR-146a-5p,CXCR4
hsa-miR-26b-5p,CXCR4
hsa-miR-494-3p,CXCR4
hsa-miR-9-5p,CXCR4
hsa-miR-149-5p,CYFIP2
hsa-miR-423-3p,CYFIP2
hsa-miR-9-5p,CYFIP2
hsa-let-7b-5p,DIAPH1
hsa-let-7e-5p,DIAPH1
hsa-miR-185-5p,DIAPH1
hsa-miR-18a-5p,DIAPH1
hsa-miR-23b-3p,DIAPH1
hsa-miR-27b-3p,DIAPH1
hsa-miR-502-5p,DIAPH1
hsa-miR-92a-3p,DIAPH1
hsa-miR-155-5p,DIAPH3
hsa-miR-143-3p,DNMT3A
hsa-miR-194-5p,DNMT3A
hsa-miR-200b-3p,DNMT3A
hsa-miR-29a-3p,DNMT3A
hsa-miR-29b-3p,DNMT3A
hsa-miR-29c-3p,DNMT3A
hsa-miR-155-5p,DOCK1
hsa-miR-4455,DOCK1
hsa-miR-574-5p,DOCK1
hsa-miR-10a-5p,DVL1
hsa-miR-339-5p,DVL1
hsa-miR-221-3p,DVL2
hsa-miR-324-3p,DVL2
hsa-miR-484,DVL2
hsa-let-7a-5p,DVL3
hsa-let-7b-5p,DVL3
hsa-let-7c-5p,DVL3
hsa-let-7d-5p,DVL3
hsa-let-7e-5p,DVL3
hsa-let-7f-5p,DVL3
hsa-let-7g-5p,DVL3
hsa-let-7i-5p,DVL3
hsa-miR-10a-5p,DVL3
hsa-miR-24-3p,DVL3
hsa-miR-26b-5p,DVL3
hsa-miR-6732-3p,DVL3
hsa-miR-93-5p,DVL3
hsa-miR-98-5p,DVL3
hsa-let-7a-5p,EGFR
hsa-miR-125a-5p,EGFR
hsa-miR-128-3p,EGFR
hsa-miR-145-5p,EGFR
hsa-miR-146a-5p,EGFR
hsa-miR-155-5p,EGFR
hsa-miR-16-5p,EGFR
hsa-miR-21-5p,EGFR
hsa-miR-218-5p,EGFR
hsa-miR-27a-3p,EGFR
hsa-miR-302b-3p,EGFR
hsa-miR-30a-5p,EGFR
hsa-miR-542-5p,EGFR
hsa-miR-574-3p,EGFR
hsa-let-7b-5p,EP300
hsa-miR-149-5p,EP300
hsa-miR-181b-5p,EP300
hsa-miR-181d-5p,EP300
hsa-miR-194-5p,EP300
hsa-miR-200b-3p,EP300
hsa-miR-23b-3p,EP300
hsa-miR-25-3p,EP300
hsa-miR-26b-5p,EP300
hsa-miR-30a-3p,EP300
hsa-miR-30c-5p,EP300
hsa-miR-374a-5p,EP300
hsa-miR-574-3p,EP300
hsa-miR-574-5p,EP300
hsa-miR-92a-3p,EP300
hsa-miR-9-5p,EP300
hsa-miR-1268a,EPB41
hsa-miR-148b-3p,EPB41
hsa-miR-1908-3p,EPB41
hsa-miR-24-3p,EPB41
hsa-miR-30a-5p,EPB41
hsa-miR-30b-5p,EPB41
hsa-miR-30c-5p,EPB41
hsa-miR-30d-5p,EPB41
hsa-miR-30e-5p,EPB41
hsa-miR-423-5p,EPB41
hsa-miR-5001-3p,EPB41
hsa-miR-508-5p,EPB41
hsa-miR-544a,EPB41
hsa-miR-766-3p,EPB41
hsa-miR-128-3p,EPB41L1
hsa-miR-411-5p,EPB41L1
hsa-miR-498,EPB41L1
hsa-miR-10a-5p,EPB41L2
hsa-miR-155-5p,EPB41L2
hsa-miR-17-5p,EPB41L2
hsa-miR-222-3p,EPB41L2
hsa-miR-331-3p,EPB41L2
hsa-miR-34a-5p,EPB41L2
hsa-let-7b-5p,EPB41L3
hsa-miR-1297,EPB41L3
hsa-miR-26a-5p,EPB41L3
hsa-miR-26b-5p,EPB41L3
hsa-miR-498,EPB41L3
hsa-miR-92a-3p,EPB41L3
hsa-miR-125a-5p,ERBB2
hsa-miR-125b-5p,ERBB2
hsa-miR-134-5p,ERBB2
hsa-miR-193a-3p,ERBB2
hsa-miR-193a-5p,ERBB2
hsa-miR-199a-5p,ERBB2
hsa-miR-199b-5p,ERBB2
hsa-miR-2116-5p,ERBB2
hsa-miR-21-5p,ERBB2
hsa-miR-25-3p,ERBB2
hsa-miR-331-3p,ERBB2
hsa-miR-498,ERBB2
hsa-miR-155-5p,EXOC3
hsa-miR-145-5p,F11R
hsa-miR-377-3p,F11R
hsa-miR-455-3p,F11R
hsa-miR-522-3p,F11R
hsa-miR-10a-5p,FGFR1
hsa-miR-149-5p,FGFR1
hsa-miR-16-5p,FGFR1
hsa-miR-181b-5p,FGFR1
hsa-miR-214-3p,FGFR1
hsa-miR-424-5p,FGFR1
hsa-miR-503-5p,FGFR1
hsa-miR-561-5p,FGFR1
hsa-let-7g-5p,FN1
hsa-miR-200b-3p,FN1
hsa-miR-218-5p,FN1
hsa-miR-26b-5p,FN1
hsa-miR-125a-3p,FYN
hsa-miR-128-3p,FYN
hsa-miR-34c-3p,FYN
hsa-miR-431-5p,FYN
hsa-miR-186-5p,GNAI1
hsa-miR-329-3p,GNAI1
hsa-miR-409-5p,GNAI1
hsa-miR-603,GNAI1
hsa-miR-148b-3p,GNAI2
hsa-miR-218-5p,GNAI2
hsa-miR-30a-5p,GNAI2
hsa-miR-30b-5p,GNAI2
hsa-miR-30c-5p,GNAI2
hsa-miR-30d-5p,GNAI2
hsa-miR-30e-5p,GNAI2
hsa-miR-3150b-3p,GNAI2
hsa-miR-455-3p,GNAI2
hsa-miR-92b-3p,GNAI2
hsa-miR-181a-5p,GNAI3
hsa-miR-431-5p,GNAI3
hsa-miR-1297,GSK3B
hsa-miR-155-5p,GSK3B
hsa-miR-15a-5p,GSK3B
hsa-miR-15b-5p,GSK3B
hsa-miR-16-5p,GSK3B
hsa-miR-199a-5p,GSK3B
hsa-miR-26a-5p,GSK3B
hsa-miR-26b-5p,GSK3B
hsa-miR-29b-3p,GSK3B
hsa-miR-3606-3p,GSK3B
hsa-miR-374a-5p,GSK3B
hsa-miR-374b-5p,GSK3B
hsa-miR-377-3p,GSK3B
hsa-miR-409-3p,GSK3B
hsa-miR-409-5p,GSK3B
hsa-miR-410-3p,GSK3B
hsa-miR-513a-3p,GSK3B
hsa-miR-92a-3p,GSK3B
hsa-miR-122-5p,GSTM3
hsa-miR-5001-3p,GSTM3
hsa-miR-92b-3p,GSTM3
hsa-miR-484,HCLS1
hsa-let-7a-5p,HRAS
hsa-let-7b-5p,HRAS
hsa-miR-143-3p,HRAS
hsa-miR-181a-5p,HRAS
hsa-miR-181d-5p,HRAS
hsa-miR-146a-5p,HSPA1A
hsa-miR-15a-5p,HSPA1A
hsa-miR-16-5p,HSPA1A
hsa-miR-34a-5p,HSPA1A
hsa-let-7b-5p,HSPA1B
hsa-miR-106b-5p,HSPA1B
hsa-miR-10a-5p,HSPA1B
hsa-miR-125b-5p,HSPA1B
hsa-miR-1276,HSPA1B
hsa-miR-132-3p,HSPA1B
hsa-miR-142-3p,HSPA1B
hsa-miR-149-5p,HSPA1B
hsa-miR-15a-5p,HSPA1B
hsa-miR-15b-5p,HSPA1B
hsa-miR-16-5p,HSPA1B
hsa-miR-181a-5p,HSPA1B
hsa-miR-181b-5p,HSPA1B
hsa-miR-181d-5p,HSPA1B
hsa-miR-197-3p,HSPA1B
hsa-miR-221-3p,HSPA1B
hsa-miR-22-3p,HSPA1B
hsa-miR-25-3p,HSPA1B
hsa-miR-30d-5p,HSPA1B
hsa-miR-324-3p,HSPA1B
hsa-miR-324-5p,HSPA1B
hsa-miR-331-3p,HSPA1B
hsa-miR-339-5p,HSPA1B
hsa-miR-34a-5p,HSPA1B
hsa-miR-3613-3p,HSPA1B
hsa-miR-361-5p,HSPA1B
hsa-miR-423-3p,HSPA1B
hsa-miR-424-5p,HSPA1B
hsa-miR-455-3p,HSPA1B
hsa-miR-484,HSPA1B
hsa-miR-495-3p,HSPA1B
hsa-miR-505-3p,HSPA1B
hsa-miR-520d-5p,HSPA1B
hsa-miR-548ah-3p,HSPA1B
hsa-miR-548h-3p,HSPA1B
hsa-miR-548j-3p,HSPA1B
hsa-miR-548z,HSPA1B
hsa-miR-570-3p,HSPA1B
hsa-miR-579-3p,HSPA1B
hsa-miR-627-5p,HSPA1B
hsa-miR-92a-3p,HSPA1B
hsa-miR-92b-3p,HSPA1B
hsa-miR-940,HSPA1B
hsa-let-7b-5p,HSPA8
hsa-miR-106a-5p,HSPA8
hsa-miR-106b-5p,HSPA8
hsa-miR-10a-5p,HSPA8
hsa-miR-130a-3p,HSPA8
hsa-miR-149-5p,HSPA8
hsa-miR-15b-5p,HSPA8
hsa-miR-16-5p,HSPA8
hsa-miR-17-5p,HSPA8
hsa-miR-20a-5p,HSPA8
hsa-miR-20b-5p,HSPA8
hsa-miR-25-3p,HSPA8
hsa-miR-26a-5p,HSPA8
hsa-miR-301a-3p,HSPA8
hsa-miR-324-3p,HSPA8
hsa-miR-331-3p,HSPA8
hsa-miR-448,HSPA8
hsa-miR-454-3p,HSPA8
hsa-miR-519a-3p,HSPA8
hsa-miR-519d-3p,HSPA8
hsa-miR-548ah-5p,HSPA8
hsa-miR-587,HSPA8
hsa-miR-877-5p,HSPA8
hsa-miR-92a-3p,HSPA8
hsa-miR-93-5p,HSPA8
hsa-let-7a-5p,IGF1R
hsa-let-7b-5p,IGF1R
hsa-let-7c-5p,IGF1R
hsa-let-7d-5p,IGF1R
hsa-let-7e-5p,IGF1R
hsa-let-7f-5p,IGF1R
hsa-let-7g-5p,IGF1R
hsa-let-7i-5p,IGF1R
hsa-miR-100-5p,IGF1R
hsa-miR-122-5p,IGF1R
hsa-miR-1253,IGF1R
hsa-miR-143-3p,IGF1R
hsa-miR-145-5p,IGF1R
hsa-miR-152-3p,IGF1R
hsa-miR-16-5p,IGF1R
hsa-miR-181b-5p,IGF1R
hsa-miR-185-5p,IGF1R
hsa-miR-194-5p,IGF1R
hsa-miR-21-5p,IGF1R
hsa-miR-218-5p,IGF1R
hsa-miR-2682-5p,IGF1R
hsa-miR-26b-5p,IGF1R
hsa-miR-302b-3p,IGF1R
hsa-miR-302d-3p,IGF1R
hsa-miR-30a-5p,IGF1R
hsa-miR-329-3p,IGF1R
hsa-miR-34a-5p,IGF1R
hsa-miR-3613-3p,IGF1R
hsa-miR-363-5p,IGF1R
hsa-miR-372-3p,IGF1R
hsa-miR-376a-3p,IGF1R
hsa-miR-377-3p,IGF1R
hsa-miR-449c-5p,IGF1R
hsa-miR-484,IGF1R
hsa-miR-492,IGF1R
hsa-miR-494-3p,IGF1R
hsa-miR-5001-3p,IGF1R
hsa-miR-502-5p,IGF1R
hsa-miR-503-5p,IGF1R
hsa-miR-518c-5p,IGF1R
hsa-miR-520a-5p,IGF1R
hsa-miR-520d-3p,IGF1R
hsa-miR-520e,IGF1R
hsa-miR-522-3p,IGF1R
hsa-miR-544a,IGF1R
hsa-miR-548ah-5p,IGF1R
hsa-miR-548h-3p,IGF1R
hsa-miR-548n,IGF1R
hsa-miR-548q,IGF1R
hsa-miR-548z,IGF1R
hsa-miR-570-3p,IGF1R
hsa-miR-592,IGF1R
hsa-miR-597-5p,IGF1R
hsa-miR-603,IGF1R
hsa-miR-92a-3p,IGF1R
hsa-miR-940,IGF1R
hsa-miR-98-5p,IGF1R
hsa-miR-197-3p,IL1R1
hsa-miR-26b-5p,IL1R2
hsa-miR-155-5p,INADL
hsa-miR-15b-5p,INADL
hsa-miR-490-3p,INADL
hsa-miR-940,INADL
hsa-miR-324-3p,IQGAP1
hsa-miR-376a-3p,IQGAP1
hsa-miR-544a,IQGAP1
hsa-miR-92a-3p,IQGAP1
hsa-miR-105-5p,IRS1
hsa-miR-145-5p,IRS1
hsa-miR-152-3p,IRS1
hsa-miR-200b-3p,IRS1
hsa-miR-329-3p,IRS1
hsa-miR-603,IRS1
hsa-miR-3065-5p,ITGA1
hsa-miR-574-5p,ITGA1
hsa-miR-576-5p,ITGA1
hsa-let-7a-5p,ITGA3
hsa-let-7b-5p,ITGA3
hsa-let-7c-5p,ITGA3
hsa-let-7d-5p,ITGA3
hsa-let-7e-5p,ITGA3
hsa-let-7f-5p,ITGA3
hsa-let-7g-5p,ITGA3
hsa-let-7i-5p,ITGA3
hsa-miR-1225-3p,ITGA3
hsa-miR-1233-3p,ITGA3
hsa-miR-26b-5p,ITGA3
hsa-miR-300,ITGA3
hsa-miR-30c-1-3p,ITGA3
hsa-miR-381-3p,ITGA3
hsa-miR-520d-5p,ITGA3
hsa-miR-98-5p,ITGA3
hsa-miR-30c-5p,ITGA4
hsa-miR-148b-3p,ITGA5
hsa-miR-152-3p,ITGA5
hsa-miR-30a-3p,ITGA5
hsa-miR-31-5p,ITGA5
hsa-miR-484,ITGA5
hsa-miR-92a-3p,ITGA5
hsa-miR-98-5p,ITGA5
hsa-miR-15b-5p,ITGA6
hsa-miR-29a-3p,ITGA6
hsa-miR-29b-3p,ITGA6
hsa-miR-29c-3p,ITGA6
hsa-miR-30a-5p,ITGA6
hsa-miR-34a-5p,ITGA6
hsa-miR-142-3p,ITGAV
hsa-miR-218-5p,ITGAV
hsa-miR-106a-5p,ITGB1
hsa-miR-106b-5p,ITGB1
hsa-miR-134-5p,ITGB1
hsa-miR-17-5p,ITGB1
hsa-miR-186-5p,ITGB1
hsa-miR-20a-5p,ITGB1
hsa-miR-20b-5p,ITGB1
hsa-miR-218-5p,ITGB1
hsa-miR-25-3p,ITGB1
hsa-miR-29b-3p,ITGB1
hsa-miR-455-3p,ITGB1
hsa-miR-519d-3p,ITGB1
hsa-miR-548ah-5p,ITGB1
hsa-miR-548n,ITGB1
hsa-miR-93-5p,ITGB1
hsa-miR-155-5p,ITGB4
hsa-miR-16-5p,ITGB4
hsa-miR-30a-5p,ITGB4
hsa-let-7b-5p,ITGB5
hsa-miR-155-5p,ITGB5
hsa-miR-26b-5p,JAM2
hsa-miR-455-3p,JAM2
hsa-miR-149-5p,JUN
hsa-miR-155-5p,JUN
hsa-miR-15a-5p,JUN
hsa-miR-16-5p,JUN
hsa-miR-200b-3p,JUN
hsa-miR-26b-5p,JUN
hsa-miR-29c-3p,JUN
hsa-miR-30a-5p,JUN
hsa-miR-93-5p,JUN
hsa-let-7a-5p,KRAS
hsa-let-7g-5p,KRAS
hsa-miR-134-5p,KRAS
hsa-miR-143-3p,KRAS
hsa-miR-152-3p,KRAS
hsa-miR-155-5p,KRAS
hsa-miR-16-5p,KRAS
hsa-miR-181a-5p,KRAS
hsa-miR-193a-3p,KRAS
hsa-miR-200b-3p,KRAS
hsa-miR-216b-5p,KRAS
hsa-miR-217,KRAS
hsa-miR-27a-3p,KRAS
hsa-miR-30a-3p,KRAS
hsa-miR-3606-3p,KRAS
hsa-miR-365a-3p,KRAS
hsa-miR-433-3p,KRAS
hsa-miR-487b-3p,KRAS
hsa-miR-513a-3p,KRAS
hsa-miR-548ah-3p,KRAS
hsa-miR-548j-3p,KRAS
hsa-miR-877-5p,KRAS
hsa-miR-218-5p,LEF1
hsa-miR-34a-5p,LEF1
hsa-miR-34c-3p,LEF1
hsa-miR-3202,LLGL2
hsa-miR-5196-5p,LLGL2
hsa-miR-548ah-3p,LLGL2
hsa-miR-548h-3p,LLGL2
hsa-miR-548j-3p,LLGL2
hsa-miR-548z,LLGL2
hsa-miR-26b-5p,LYZ
hsa-miR-3613-3p,LYZ
hsa-miR-371b-5p,LYZ
hsa-miR-508-5p,LYZ
hsa-miR-766-3p,LYZ
hsa-miR-873-3p,LYZ
hsa-miR-24-3p,MAGI1
hsa-miR-324-3p,MAGI1
hsa-miR-34a-5p,MAGI1
hsa-miR-363-5p,MAGI3
hsa-miR-508-5p,MAGI3
hsa-miR-612,MAGI3
hsa-miR-766-3p,MAGI3
hsa-miR-128-3p,MAP2K1
hsa-miR-181a-5p,MAP2K1
hsa-miR-181b-5p,MAP2K1
hsa-miR-30c-5p,MAP2K1
hsa-miR-34a-5p,MAP2K1
hsa-miR-424-5p,MAP2K1
hsa-miR-448,MAP2K1
hsa-miR-494-3p,MAP2K1
hsa-miR-548a-5p,MAP2K1
hsa-miR-548am-5p,MAP2K1
hsa-miR-548ar-5p,MAP2K1
hsa-miR-548c-5p,MAP2K1
hsa-miR-548i,MAP2K1
hsa-miR-548j-5p,MAP2K1
hsa-miR-548o-5p,MAP2K1
hsa-miR-103a-3p,MAP3K7
hsa-miR-107,MAP3K7
hsa-miR-10a-5p,MAP3K7
hsa-miR-1226-5p,MAP3K7
hsa-miR-143-3p,MAP3K7
hsa-miR-15a-5p,MAP3K7
hsa-miR-15b-5p,MAP3K7
hsa-miR-16-5p,MAP3K7
hsa-miR-2682-5p,MAP3K7
hsa-miR-34a-5p,MAP3K7
hsa-miR-424-5p,MAP3K7
hsa-miR-449c-5p,MAP3K7
hsa-miR-503-5p,MAP3K7
hsa-miR-579-3p,MAP3K7
hsa-miR-940,MAP3K7
hsa-let-7b-5p,MAPK1
hsa-miR-106a-5p,MAPK1
hsa-miR-106b-5p,MAPK1
hsa-miR-1200,MAPK1
hsa-miR-122-5p,MAPK1
hsa-miR-1268a,MAPK1
hsa-miR-130a-3p,MAPK1
hsa-miR-132-3p,MAPK1
hsa-miR-143-3p,MAPK1
hsa-miR-15b-5p,MAPK1
hsa-miR-17-5p,MAPK1
hsa-miR-181a-5p,MAPK1
hsa-miR-199a-3p,MAPK1
hsa-miR-19a-3p,MAPK1
hsa-miR-19b-3p,MAPK1
hsa-miR-20a-5p,MAPK1
hsa-miR-20b-5p,MAPK1
hsa-miR-214-3p,MAPK1
hsa-miR-216b-5p,MAPK1
hsa-miR-28-5p,MAPK1
hsa-miR-301a-3p,MAPK1
hsa-miR-30a-5p,MAPK1
hsa-miR-3150b-3p,MAPK1
hsa-miR-454-3p,MAPK1
hsa-miR-487a-3p,MAPK1
hsa-miR-494-3p,MAPK1
hsa-miR-498,MAPK1
hsa-miR-499a-3p,MAPK1
hsa-miR-499b-3p,MAPK1
hsa-miR-519a-3p,MAPK1
hsa-miR-519d-3p,MAPK1
hsa-miR-548ah-5p,MAPK1
hsa-miR-585-3p,MAPK1
hsa-miR-766-3p,MAPK1
hsa-miR-92b-3p,MAPK1
hsa-miR-93-5p,MAPK1
hsa-miR-208a-3p,MAPK10
hsa-miR-221-3p,MAPK10
hsa-miR-4455,MAPK10
hsa-miR-574-5p,MAPK10
hsa-miR-608,MAPK10
hsa-miR-34a-5p,MAPK3
hsa-miR-423-3p,MAPK3
hsa-miR-143-3p,MAPK7
hsa-miR-200b-3p,MAPK7
hsa-miR-374a-5p,MAPK7
hsa-miR-374b-5p,MAPK7
hsa-miR-10a-5p,MAPK8
hsa-miR-125a-5p,MAPK8
hsa-miR-193a-3p,MAPK8
hsa-miR-199a-3p,MAPK8
hsa-miR-214-3p,MAPK8
hsa-miR-30a-5p,MAPK8
hsa-miR-30b-5p,MAPK8
hsa-miR-30c-5p,MAPK8
hsa-miR-30d-5p,MAPK8
hsa-miR-30e-5p,MAPK8
hsa-miR-3613-3p,MAPK8
hsa-miR-371b-5p,MAPK8
hsa-miR-433-3p,MAPK8
hsa-miR-877-5p,MAPK8
hsa-miR-888-5p,MAPK8
hsa-miR-92a-3p,MAPK8
hsa-miR-106a-5p,MAPK9
hsa-miR-106b-5p,MAPK9
hsa-miR-141-3p,MAPK9
hsa-miR-17-5p,MAPK9
hsa-miR-199a-3p,MAPK9
hsa-miR-20a-5p,MAPK9
hsa-miR-20b-5p,MAPK9
hsa-miR-27b-3p,MAPK9
hsa-miR-92a-3p,MAPK9
hsa-miR-93-5p,MAPK9
hsa-miR-1303,MET
hsa-miR-130a-3p,MET
hsa-miR-199a-3p,MET
hsa-miR-218-5p,MET
hsa-miR-23b-3p,MET
hsa-miR-27a-3p,MET
hsa-miR-30a-5p,MET
hsa-miR-31-5p,MET
hsa-miR-34a-5p,MET
hsa-miR-409-3p,MET
hsa-miR-410-3p,MET
hsa-miR-15b-5p,MLLT4
hsa-miR-92a-3p,MLLT4
hsa-miR-155-5p,MPP5
hsa-miR-181a-5p,MPP5
hsa-miR-181b-5p,MPP5
hsa-miR-181d-5p,MPP5
hsa-miR-21-5p,MPP5
hsa-miR-302b-3p,MPP5
hsa-miR-302d-3p,MPP5
hsa-miR-372-3p,MPP5
hsa-miR-374a-5p,MPP5
hsa-miR-374b-5p,MPP5
hsa-miR-519a-3p,MPP5
hsa-miR-520d-3p,MPP5
hsa-miR-520e,MPP5
hsa-miR-548a-3p,MPP5
hsa-miR-548e-3p,MPP5
hsa-miR-185-5p,MRAS
hsa-let-7a-5p,MYC
hsa-let-7b-5p,MYC
hsa-let-7c-5p,MYC
hsa-let-7d-5p,MYC
hsa-let-7e-5p,MYC
hsa-let-7f-5p,MYC
hsa-let-7g-5p,MYC
hsa-let-7i-5p,MYC
hsa-miR-106b-5p,MYC
hsa-miR-125a-3p,MYC
hsa-miR-125a-5p,MYC
hsa-miR-1304-5p,MYC
hsa-miR-145-5p,MYC
hsa-miR-155-5p,MYC
hsa-miR-16-5p,MYC
hsa-miR-17-5p,MYC
hsa-miR-184,MYC
hsa-miR-186-5p,MYC
hsa-miR-19a-3p,MYC
hsa-miR-20a-5p,MYC
hsa-miR-21-5p,MYC
hsa-miR-222-3p,MYC
hsa-miR-23a-3p,MYC
hsa-miR-24-3p,MYC
hsa-miR-25-3p,MYC
hsa-miR-2682-5p,MYC
hsa-miR-26a-5p,MYC
hsa-miR-302a-5p,MYC
hsa-miR-30a-3p,MYC
hsa-miR-30c-5p,MYC
hsa-miR-30d-5p,MYC
hsa-miR-323a-3p,MYC
hsa-miR-324-3p,MYC
hsa-miR-34a-5p,MYC
hsa-miR-423-5p,MYC
hsa-miR-449c-5p,MYC
hsa-miR-455-3p,MYC
hsa-miR-487b-3p,MYC
hsa-miR-494-3p,MYC
hsa-miR-92a-3p,MYC
hsa-miR-92b-3p,MYC
hsa-miR-93-5p,MYC
hsa-miR-940,MYC
hsa-miR-98-5p,MYC
hsa-miR-197-3p,MYH10
hsa-miR-23a-3p,MYH10
hsa-miR-26a-5p,MYH10
hsa-miR-505-3p,MYH10
hsa-miR-92b-3p,MYH10
hsa-miR-122-5p,MYH11
hsa-miR-130a-3p,MYH11
hsa-miR-301a-3p,MYH11
hsa-miR-30c-1-3p,MYH11
hsa-miR-4488,MYH11
hsa-miR-454-3p,MYH11
hsa-miR-185-5p,MYH14
hsa-miR-5196-5p,MYH14
hsa-let-7f-5p,MYH9
hsa-miR-106a-5p,MYH9
hsa-miR-106b-5p,MYH9
hsa-miR-149-5p,MYH9
hsa-miR-17-5p,MYH9
hsa-miR-20a-5p,MYH9
hsa-miR-20b-5p,MYH9
hsa-miR-24-3p,MYH9
hsa-miR-302b-3p,MYH9
hsa-miR-302d-3p,MYH9
hsa-miR-30c-1-3p,MYH9
hsa-miR-324-3p,MYH9
hsa-miR-331-3p,MYH9
hsa-miR-372-3p,MYH9
hsa-miR-484,MYH9
hsa-miR-490-3p,MYH9
hsa-miR-5196-5p,MYH9
hsa-miR-519d-3p,MYH9
hsa-miR-520d-3p,MYH9
hsa-miR-520e,MYH9
hsa-miR-520h,MYH9
hsa-miR-92a-3p,MYH9
hsa-miR-93-5p,MYH9
hsa-miR-940,MYH9
hsa-miR-9-5p,MYH9
hsa-miR-154-5p,MYL12A
hsa-miR-1253,MYL12B
hsa-miR-411-3p,MYL12B
hsa-miR-582-3p,MYL12B
hsa-miR-1915-3p,MYL9
hsa-miR-3151-3p,MYL9
hsa-miR-3179,MYL9
hsa-miR-146a-5p,MYLK
hsa-miR-155-5p,MYLK
hsa-miR-490-5p,MYLK
hsa-miR-587,MYLK
hsa-miR-9-5p,MYLK
hsa-miR-1253,NLK
hsa-miR-181a-5p,NLK
hsa-miR-181b-5p,NLK
hsa-miR-199b-5p,NLK
hsa-miR-23a-3p,NLK
hsa-miR-27a-3p,NLK
hsa-miR-27b-3p,NLK
hsa-miR-574-5p,NLK
hsa-miR-579-3p,NLK
hsa-miR-92b-3p,NLK
hsa-miR-944,NLK
hsa-let-7a-5p,NRAS
hsa-let-7b-5p,NRAS
hsa-let-7c-5p,NRAS
hsa-miR-1193,NRAS
hsa-miR-1303,NRAS
hsa-miR-145-5p,NRAS
hsa-miR-148b-3p,NRAS
hsa-miR-20a-5p,NRAS
hsa-miR-2113,NRAS
hsa-miR-214-3p,NRAS
hsa-miR-218-5p,NRAS
hsa-miR-219b-3p,NRAS
hsa-miR-25-3p,NRAS
hsa-miR-27a-3p,NRAS
hsa-miR-27b-3p,NRAS
hsa-miR-3613-3p,NRAS
hsa-miR-363-3p,NRAS
hsa-miR-518d-5p,NRAS
hsa-miR-518e-5p,NRAS
hsa-miR-519a-5p,NRAS
hsa-miR-519b-5p,NRAS
hsa-miR-519c-5p,NRAS
hsa-miR-520c-5p,NRAS
hsa-miR-522-5p,NRAS
hsa-miR-523-5p,NRAS
hsa-miR-526a,NRAS
hsa-miR-543,NRAS
hsa-miR-92a-3p,NRAS
hsa-miR-92b-3p,NRAS
hsa-miR-944,NRAS
hsa-miR-98-5p,NRAS
hsa-let-7b-5p,OCLN
hsa-let-7e-5p,OCLN
hsa-miR-132-3p,OCLN
hsa-miR-216b-3p,OCLN
hsa-miR-299-3p,OCLN
hsa-miR-329-3p,OCLN
hsa-miR-548ah-5p,OCLN
hsa-miR-603,OCLN
hsa-let-7a-5p,PAK1
hsa-let-7b-5p,PAK1
hsa-miR-122-5p,PAK1
hsa-miR-221-3p,PAK1
hsa-miR-26b-5p,PAK1
hsa-miR-377-3p,PAK1
hsa-miR-423-5p,PAK1
hsa-miR-520d-5p,PAK1
hsa-miR-1253,PAK2
hsa-miR-155-5p,PAK2
hsa-miR-15a-5p,PAK2
hsa-miR-15b-5p,PAK2
hsa-miR-16-5p,PAK2
hsa-miR-200b-3p,PAK2
hsa-miR-218-5p,PAK2
hsa-miR-219b-3p,PAK2
hsa-miR-27a-3p,PAK2
hsa-miR-27b-3p,PAK2
hsa-miR-302b-3p,PAK2
hsa-miR-302d-3p,PAK2
hsa-miR-372-3p,PAK2
hsa-miR-424-5p,PAK2
hsa-miR-519a-3p,PAK2
hsa-miR-520d-3p,PAK2
hsa-miR-520e,PAK2
hsa-miR-944,PAK2
hsa-let-7c-5p,PAK4
hsa-miR-145-5p,PAK4
hsa-miR-24-3p,PAK4
hsa-miR-324-5p,PAK4
hsa-miR-3613-3p,PAK4
hsa-miR-371b-5p,PAK4
hsa-miR-579-3p,PAK4
hsa-miR-612,PAK4
hsa-miR-106a-5p,PARD3
hsa-miR-106b-5p,PARD3
hsa-miR-17-5p,PARD3
hsa-miR-20a-5p,PARD3
hsa-miR-20b-5p,PARD3
hsa-miR-218-5p,PARD3
hsa-miR-302b-3p,PARD3
hsa-miR-302d-3p,PARD3
hsa-miR-372-3p,PARD3
hsa-miR-483-3p,PARD3
hsa-miR-5001-3p,PARD3
hsa-miR-519d-3p,PARD3
hsa-miR-520d-3p,PARD3
hsa-miR-520e,PARD3
hsa-miR-520h,PARD3
hsa-miR-766-3p,PARD3
hsa-miR-93-5p,PARD3
hsa-miR-155-5p,PDCD4
hsa-miR-15a-5p,PDCD4
hsa-miR-15b-5p,PDCD4
hsa-miR-16-5p,PDCD4
hsa-miR-197-3p,PDCD4
hsa-miR-21-5p,PDCD4
hsa-miR-218-5p,PDCD4
hsa-miR-520d-5p,PDCD4
hsa-miR-548ah-3p,PDCD4
hsa-miR-548j-3p,PDCD4
hsa-miR-590-5p,PDCD4
hsa-let-7d-5p,PDGFA
hsa-miR-221-3p,PDGFA
hsa-miR-29b-3p,PDGFA
hsa-miR-29b-3p,PDGFC
hsa-miR-145-5p,PDGFD
hsa-miR-21-5p,PDGFD
hsa-let-7b-5p,PDGFRA
hsa-miR-105-5p,PDGFRA
hsa-miR-130a-3p,PDGFRA
hsa-miR-143-3p,PDGFRA
hsa-miR-181a-5p,PDGFRA
hsa-miR-218-5p,PDGFRA
hsa-miR-26b-5p,PDGFRA
hsa-miR-29b-3p,PDGFRA
hsa-miR-34a-5p,PDGFRA
hsa-miR-455-3p,PDGFRA
hsa-miR-544a,PDGFRA
hsa-miR-548ah-3p,PDGFRA
hsa-miR-548j-3p,PDGFRA
hsa-miR-29a-3p,PDGFRB
hsa-miR-29b-3p,PDGFRB
hsa-miR-29c-3p,PDGFRB
hsa-miR-30b-5p,PDGFRB
hsa-miR-34a-5p,PDGFRB
hsa-miR-148b-3p,PIK3CA
hsa-miR-155-5p,PIK3CA
hsa-miR-17-5p,PIK3CA
hsa-miR-125b-5p,PIK3CD
hsa-miR-30a-5p,PIK3CD
hsa-miR-10a-5p,PIK3CG
hsa-miR-142-3p,PIK3CG
hsa-miR-148b-3p,PIK3CG
hsa-miR-26b-5p,PIK3CG
hsa-miR-27a-3p,PIK3CG
hsa-miR-29b-3p,PIK3CG
hsa-miR-329-3p,PIK3CG
hsa-miR-410-3p,PIK3CG
hsa-miR-548a-3p,PIK3CG
hsa-miR-548e-3p,PIK3CG
hsa-miR-548g-3p,PIK3CG
hsa-miR-603,PIK3CG
hsa-let-7a-5p,PIK3R1
hsa-miR-103a-3p,PIK3R1
hsa-miR-107,PIK3R1
hsa-miR-155-5p,PIK3R1
hsa-miR-15a-5p,PIK3R1
hsa-miR-15b-5p,PIK3R1
hsa-miR-16-5p,PIK3R1
hsa-miR-21-5p,PIK3R1
hsa-miR-221-3p,PIK3R1
hsa-miR-29a-3p,PIK3R1
hsa-miR-29b-3p,PIK3R1
hsa-miR-329-3p,PIK3R1
hsa-miR-376a-3p,PIK3R1
hsa-miR-424-5p,PIK3R1
hsa-miR-448,PIK3R1
hsa-miR-455-5p,PIK3R1
hsa-miR-503-5p,PIK3R1
hsa-miR-603,PIK3R1
hsa-miR-612,PIK3R1
hsa-miR-6721-5p,PIK3R1
hsa-miR-30c-5p,PIK3R2
hsa-miR-93-5p,PIK3R2
hsa-miR-19a-3p,PIK3R3
hsa-miR-19b-3p,PIK3R3
hsa-miR-331-3p,PIK3R3
hsa-miR-125b-5p,PPP1CA
hsa-miR-17-5p,PPP1CA
hsa-miR-100-5p,PPP1CB
hsa-miR-15b-5p,PPP1CB
hsa-miR-18a-5p,PPP1CB
hsa-miR-2117,PPP1CB
hsa-miR-23b-3p,PPP1CB
hsa-miR-323a-3p,PPP1CB
hsa-miR-505-3p,PPP1CB
hsa-miR-542-5p,PPP1CB
hsa-miR-548aa,PPP1CB
hsa-miR-548t-3p,PPP1CB
hsa-miR-92b-3p,PPP1CB
hsa-miR-99b-5p,PPP1CB
hsa-miR-1253,PPP1CC
hsa-miR-154-5p,PPP1CC
hsa-miR-15b-5p,PPP1CC
hsa-miR-185-5p,PPP1CC
hsa-miR-218-5p,PPP1CC
hsa-miR-26a-5p,PPP1CC
hsa-miR-26b-5p,PPP1CC
hsa-miR-302a-5p,PPP1CC
hsa-miR-30a-5p,PPP1CC
hsa-miR-323a-3p,PPP1CC
hsa-miR-493-3p,PPP1CC
hsa-miR-494-3p,PPP1CC
hsa-miR-92a-3p,PPP1CC
hsa-miR-940,PPP1CC
hsa-miR-10a-5p,PPP1R12A
hsa-miR-30a-5p,PPP1R12A
hsa-miR-30b-5p,PPP1R12A
hsa-miR-30c-5p,PPP1R12A
hsa-miR-30d-5p,PPP1R12A
hsa-miR-30e-5p,PPP1R12A
hsa-miR-448,PPP1R12A
hsa-miR-518d-5p,PPP1R12A
hsa-miR-518e-5p,PPP1R12A
hsa-miR-519a-5p,PPP1R12A
hsa-miR-519b-5p,PPP1R12A
hsa-miR-519c-5p,PPP1R12A
hsa-miR-520c-5p,PPP1R12A
hsa-miR-522-5p,PPP1R12A
hsa-miR-523-5p,PPP1R12A
hsa-miR-526a,PPP1R12A
hsa-miR-103a-3p,PPP2CA
hsa-miR-107,PPP2CA
hsa-miR-125a-5p,PPP2CA
hsa-miR-125b-5p,PPP2CA
hsa-miR-197-3p,PPP2CA
hsa-miR-518d-5p,PPP2CA
hsa-miR-518e-5p,PPP2CA
hsa-miR-519a-5p,PPP2CA
hsa-miR-519b-5p,PPP2CA
hsa-miR-519c-5p,PPP2CA
hsa-miR-520c-5p,PPP2CA
hsa-miR-522-3p,PPP2CA
hsa-miR-522-5p,PPP2CA
hsa-miR-523-5p,PPP2CA
hsa-miR-526a,PPP2CA
hsa-miR-548av-3p,PPP2CA
hsa-miR-548g-3p,PPP2CA
hsa-miR-216b-5p,PPP2CB
hsa-miR-218-5p,PPP2CB
hsa-miR-549a,PPP2CB
hsa-let-7e-5p,PPP2R1A
hsa-miR-106a-5p,PPP2R1A
hsa-miR-1279,PPP2R1A
hsa-miR-16-5p,PPP2R1A
hsa-miR-17-5p,PPP2R1A
hsa-miR-20a-5p,PPP2R1A
hsa-miR-222-3p,PPP2R1A
hsa-miR-92a-3p,PPP2R1A
hsa-miR-16-5p,PPP2R1B
hsa-miR-185-5p,PPP2R1B
hsa-miR-208a-5p,PPP2R1B
hsa-miR-30a-5p,PPP2R1B
hsa-miR-30b-5p,PPP2R1B
hsa-miR-30c-5p,PPP2R1B
hsa-miR-30d-5p,PPP2R1B
hsa-miR-30e-5p,PPP2R1B
hsa-miR-411-3p,PPP2R1B
hsa-miR-423-3p,PPP2R1B
hsa-miR-574-5p,PPP2R1B
hsa-miR-576-5p,PPP2R1B
hsa-miR-579-3p,PPP2R1B
hsa-let-7a-5p,PPP2R2A
hsa-let-7b-5p,PPP2R2A
hsa-let-7c-5p,PPP2R2A
hsa-let-7d-5p,PPP2R2A
hsa-let-7e-5p,PPP2R2A
hsa-let-7f-5p,PPP2R2A
hsa-let-7g-5p,PPP2R2A
hsa-let-7i-5p,PPP2R2A
hsa-miR-154-5p,PPP2R2A
hsa-miR-155-5p,PPP2R2A
hsa-miR-218-5p,PPP2R2A
hsa-miR-222-3p,PPP2R2A
hsa-miR-26b-5p,PPP2R2A
hsa-miR-30a-5p,PPP2R2A
hsa-miR-31-5p,PPP2R2A
hsa-miR-3202,PPP2R2A
hsa-miR-409-3p,PPP2R2A
hsa-miR-548aa,PPP2R2A
hsa-miR-548t-3p,PPP2R2A
hsa-miR-92a-3p,PPP2R2A
hsa-miR-98-5p,PPP2R2A
hsa-miR-1268a,PRKCA
hsa-miR-218-5p,PRKCA
hsa-miR-24-3p,PRKCA
hsa-miR-371b-5p,PRKCA
hsa-miR-505-3p,PRKCA
hsa-miR-5196-3p,PRKCA
hsa-miR-585-3p,PRKCA
hsa-miR-92a-3p,PRKCA
hsa-miR-106a-5p,PRKCB
hsa-miR-106b-5p,PRKCB
hsa-miR-17-5p,PRKCB
hsa-miR-20a-5p,PRKCB
hsa-miR-20b-5p,PRKCB
hsa-miR-300,PRKCB
hsa-miR-381-3p,PRKCB
hsa-miR-4455,PRKCB
hsa-miR-519d-3p,PRKCB
hsa-miR-520a-5p,PRKCB
hsa-miR-548ah-5p,PRKCB
hsa-miR-574-5p,PRKCB
hsa-miR-890,PRKCB
hsa-miR-93-5p,PRKCB
hsa-miR-15a-5p,PRKCD
hsa-miR-15b-5p,PRKCD
hsa-miR-16-5p,PRKCD
hsa-miR-181a-5p,PRKCD
hsa-miR-181b-5p,PRKCD
hsa-miR-181d-5p,PRKCD
hsa-miR-26a-5p,PRKCD
hsa-miR-26b-5p,PRKCD
hsa-miR-374a-5p,PRKCD
hsa-miR-374b-5p,PRKCD
hsa-miR-410-3p,PRKCD
hsa-miR-484,PRKCD
hsa-miR-654-3p,PRKCD
hsa-miR-155-5p,PRKCI
hsa-miR-3613-3p,PRKCI
hsa-miR-93-5p,PRKCI
hsa-miR-155-5p,PSEN1
hsa-miR-103a-3p,PTEN
hsa-miR-105-5p,PTEN
hsa-miR-106a-5p,PTEN
hsa-miR-106b-5p,PTEN
hsa-miR-107,PTEN
hsa-miR-10a-5p,PTEN
hsa-miR-128-3p,PTEN
hsa-miR-141-3p,PTEN
hsa-miR-17-5p,PTEN
hsa-miR-181b-5p,PTEN
hsa-miR-18a-5p,PTEN
hsa-miR-19a-3p,PTEN
hsa-miR-19b-3p,PTEN
hsa-miR-20a-5p,PTEN
hsa-miR-20b-5p,PTEN
hsa-miR-214-3p,PTEN
hsa-miR-21-5p,PTEN
hsa-miR-216b-3p,PTEN
hsa-miR-217,PTEN
hsa-miR-221-3p,PTEN
hsa-miR-222-3p,PTEN
hsa-miR-22-3p,PTEN
hsa-miR-23a-3p,PTEN
hsa-miR-23b-3p,PTEN
hsa-miR-25-3p,PTEN
hsa-miR-26a-5p,PTEN
hsa-miR-26b-5p,PTEN
hsa-miR-29a-3p,PTEN
hsa-miR-29b-3p,PTEN
hsa-miR-29c-3p,PTEN
hsa-miR-301a-3p,PTEN
hsa-miR-3144-3p,PTEN
hsa-miR-377-3p,PTEN
hsa-miR-382-5p,PTEN
hsa-miR-492,PTEN
hsa-miR-494-3p,PTEN
hsa-miR-519a-3p,PTEN
hsa-miR-519d-3p,PTEN
hsa-miR-520d-5p,PTEN
hsa-miR-543,PTEN
hsa-miR-548av-3p,PTEN
hsa-miR-548h-3p,PTEN
hsa-miR-548z,PTEN
hsa-miR-603,PTEN
hsa-miR-92a-3p,PTEN
hsa-miR-92b-3p,PTEN
hsa-miR-93-5p,PTEN
hsa-let-7c-5p,PTK2
hsa-let-7e-5p,PTK2
hsa-miR-193a-3p,PTK2
hsa-miR-21-5p,PTK2
hsa-miR-543,PTK2
hsa-miR-221-3p,PXN
hsa-miR-92a-3p,PXN
hsa-let-7a-5p,RAB13
hsa-miR-193b-5p,RAB13
hsa-miR-19a-3p,RAB13
hsa-miR-371b-5p,RAB13
hsa-miR-411-5p,RAB13
hsa-miR-122-5p,RAC1
hsa-miR-136-5p,RAC1
hsa-miR-142-3p,RAC1
hsa-miR-146a-5p,RAC1
hsa-miR-155-5p,RAC1
hsa-miR-194-5p,RAC1
hsa-miR-300,RAC1
hsa-miR-30c-5p,RAC1
hsa-miR-361-5p,RAC1
hsa-miR-365a-3p,RAC1
hsa-miR-365b-3p,RAC1
hsa-miR-374a-5p,RAC1
hsa-miR-374b-5p,RAC1
hsa-miR-381-3p,RAC1
hsa-miR-483-3p,RAC1
hsa-miR-570-3p,RAC1
hsa-miR-574-3p,RAC1
hsa-miR-576-5p,RAC1
hsa-miR-4531,RAC3
hsa-miR-484,RAC3
hsa-miR-125b-5p,RAF1
hsa-miR-16-5p,RAF1
hsa-miR-186-5p,RAF1
hsa-miR-19a-3p,RAF1
hsa-miR-19b-3p,RAF1
hsa-miR-23b-3p,RAF1
hsa-miR-3690,RAF1
hsa-miR-122-5p,RHOA
hsa-miR-125a-3p,RHOA
hsa-miR-155-5p,RHOA
hsa-miR-185-5p,RHOA
hsa-miR-218-5p,RHOA
hsa-miR-221-3p,RHOA
hsa-miR-31-5p,RHOA
hsa-miR-3613-3p,RHOA
hsa-miR-483-3p,RHOA
hsa-miR-548h-3p,RHOA
hsa-miR-548z,RHOA
hsa-miR-592,RHOA
hsa-miR-597-5p,RHOA
hsa-miR-145-5p,ROCK1
hsa-miR-146a-5p,ROCK1
hsa-miR-148b-3p,ROCK1
hsa-miR-142-3p,ROCK2
hsa-miR-200b-3p,ROCK2
hsa-miR-30a-5p,ROCK2
hsa-miR-30b-5p,ROCK2
hsa-miR-30c-5p,ROCK2
hsa-miR-30d-5p,ROCK2
hsa-miR-30e-5p,ROCK2
hsa-miR-411-3p,ROCK2
hsa-miR-4455,ROCK2
hsa-miR-574-5p,ROCK2
hsa-miR-34a-5p,RRAS
hsa-miR-106a-5p,RRAS2
hsa-miR-106b-5p,RRAS2
hsa-miR-17-5p,RRAS2
hsa-miR-19a-3p,RRAS2
hsa-miR-19b-3p,RRAS2
hsa-miR-20a-5p,RRAS2
hsa-miR-20b-5p,RRAS2
hsa-miR-23b-3p,RRAS2
hsa-miR-26b-5p,RRAS2
hsa-miR-3161,RRAS2
hsa-miR-519d-3p,RRAS2
hsa-miR-548ah-5p,RRAS2
hsa-miR-548n,RRAS2
hsa-miR-549a,RRAS2
hsa-miR-93-5p,RRAS2
hsa-miR-944,RRAS2
hsa-let-7g-5p,SMAD2
hsa-miR-146a-5p,SMAD2
hsa-miR-155-5p,SMAD2
hsa-miR-181a-5p,SMAD2
hsa-miR-18a-5p,SMAD2
hsa-miR-18b-5p,SMAD2
hsa-miR-200b-3p,SMAD2
hsa-miR-27a-3p,SMAD2
hsa-miR-27b-3p,SMAD2
hsa-miR-324-5p,SMAD2
hsa-miR-329-3p,SMAD2
hsa-miR-3613-3p,SMAD2
hsa-miR-361-5p,SMAD2
hsa-miR-484,SMAD2
hsa-miR-503-5p,SMAD2
hsa-miR-505-3p,SMAD2
hsa-miR-548av-3p,SMAD2
hsa-miR-548g-3p,SMAD2
hsa-miR-143-3p,SMAD3
hsa-miR-145-5p,SMAD3
hsa-miR-155-5p,SMAD3
hsa-miR-15a-5p,SMAD3
hsa-miR-15b-5p,SMAD3
hsa-miR-16-5p,SMAD3
hsa-miR-17-5p,SMAD3
hsa-miR-18a-5p,SMAD3
hsa-miR-92b-3p,SMAD3
hsa-miR-106a-5p,SMAD4
hsa-miR-106b-5p,SMAD4
hsa-miR-125a-5p,SMAD4
hsa-miR-125b-5p,SMAD4
hsa-miR-1260b,SMAD4
hsa-miR-130a-3p,SMAD4
hsa-miR-145-5p,SMAD4
hsa-miR-146a-5p,SMAD4
hsa-miR-154-5p,SMAD4
hsa-miR-155-5p,SMAD4
hsa-miR-17-5p,SMAD4
hsa-miR-186-5p,SMAD4
hsa-miR-18a-5p,SMAD4
hsa-miR-199a-5p,SMAD4
hsa-miR-19a-3p,SMAD4
hsa-miR-19b-3p,SMAD4
hsa-miR-20a-5p,SMAD4
hsa-miR-20b-5p,SMAD4
hsa-miR-26a-5p,SMAD4
hsa-miR-27a-3p,SMAD4
hsa-miR-27b-3p,SMAD4
hsa-miR-301a-3p,SMAD4
hsa-miR-302a-5p,SMAD4
hsa-miR-34a-5p,SMAD4
hsa-miR-371b-5p,SMAD4
hsa-miR-454-3p,SMAD4
hsa-miR-483-3p,SMAD4
hsa-miR-519a-3p,SMAD4
hsa-miR-519d-3p,SMAD4
hsa-miR-888-5p,SMAD4
hsa-miR-92a-3p,SMAD4
hsa-miR-93-5p,SMAD4
hsa-miR-128-3p,SOS1
hsa-miR-23b-3p,SOS1
hsa-miR-27a-3p,SOS1
hsa-miR-27b-3p,SOS1
hsa-miR-3613-3p,SOS1
hsa-miR-433-5p,SOS1
hsa-miR-148b-3p,SOS2
hsa-miR-152-3p,SOS2
hsa-miR-30a-3p,SOS2
hsa-miR-181a-5p,SPRY2
hsa-miR-21-5p,SPRY2
hsa-miR-23a-3p,SPRY2
hsa-miR-26b-5p,SPRY2
hsa-miR-27a-3p,SPRY2
hsa-miR-331-3p,SPTAN1
hsa-miR-34a-5p,SPTAN1
hsa-miR-23b-3p,SRC
hsa-miR-31-5p,SRC
hsa-miR-34a-5p,SRC
hsa-miR-10a-5p,SYMPK
hsa-miR-92b-3p,SYMPK
hsa-miR-940,SYMPK
hsa-miR-141-3p,TCF7L1
hsa-miR-200b-3p,TCF7L1
hsa-miR-106a-5p,TCF7L2
hsa-miR-106b-5p,TCF7L2
hsa-miR-130a-3p,TCF7L2
hsa-miR-148b-3p,TCF7L2
hsa-miR-17-5p,TCF7L2
hsa-miR-193a-3p,TCF7L2
hsa-miR-200b-3p,TCF7L2
hsa-miR-20a-5p,TCF7L2
hsa-miR-20b-5p,TCF7L2
hsa-miR-217,TCF7L2
hsa-miR-301a-3p,TCF7L2
hsa-miR-324-5p,TCF7L2
hsa-miR-3606-3p,TCF7L2
hsa-miR-3613-3p,TCF7L2
hsa-miR-371b-5p,TCF7L2
hsa-miR-4435,TCF7L2
hsa-miR-454-3p,TCF7L2
hsa-miR-485-3p,TCF7L2
hsa-miR-505-3p,TCF7L2
hsa-miR-513a-3p,TCF7L2
hsa-miR-519a-3p,TCF7L2
hsa-miR-519d-3p,TCF7L2
hsa-miR-539-3p,TCF7L2
hsa-miR-891b,TCF7L2
hsa-miR-93-5p,TCF7L2
hsa-miR-122-5p,TGFB1
hsa-miR-130a-3p,TGFB1
hsa-miR-17-5p,TGFB1
hsa-miR-19b-3p,TGFB1
hsa-miR-21-5p,TGFB1
hsa-miR-24-3p,TGFB1
hsa-miR-29b-3p,TGFB1
hsa-miR-324-3p,TGFB1
hsa-miR-93-5p,TGFB1
hsa-miR-141-3p,TGFB2
hsa-miR-21-5p,TGFB2
hsa-miR-29b-3p,TGFB2
hsa-miR-3690,TGFB2
hsa-miR-378e,TGFB2
hsa-miR-378f,TGFB2
hsa-miR-422a,TGFB2
hsa-miR-619-3p,TGFB2
hsa-let-7b-5p,TJP1
hsa-miR-103a-3p,TJP1
hsa-miR-105-5p,TJP1
hsa-miR-107,TJP1
hsa-miR-155-5p,TJP1
hsa-miR-17-5p,TJP1
hsa-miR-194-5p,TJP1
hsa-miR-324-3p,TJP1
hsa-miR-411-3p,TJP1
hsa-miR-548ah-3p,TJP1
hsa-miR-548h-3p,TJP1
hsa-miR-548j-3p,TJP1
hsa-miR-548z,TJP1
hsa-miR-34a-5p,TJP2
hsa-miR-184,TJP3
hsa-miR-1915-3p,TJP3
hsa-miR-106a-5p,TP53
hsa-miR-106b-5p,TP53
hsa-miR-125a-5p,TP53
hsa-miR-125b-5p,TP53
hsa-miR-15a-5p,TP53
hsa-miR-16-5p,TP53
hsa-miR-17-5p,TP53
hsa-miR-185-5p,TP53
hsa-miR-18a-5p,TP53
hsa-miR-19a-3p,TP53
hsa-miR-19b-3p,TP53
hsa-miR-20a-5p,TP53
hsa-miR-214-3p,TP53
hsa-miR-221-3p,TP53
hsa-miR-222-3p,TP53
hsa-miR-25-3p,TP53
hsa-miR-27a-3p,TP53
hsa-miR-3065-5p,TP53
hsa-miR-30a-5p,TP53
hsa-miR-30b-5p,TP53
hsa-miR-30c-5p,TP53
hsa-miR-30d-5p,TP53
hsa-miR-30e-5p,TP53
hsa-miR-324-5p,TP53
hsa-miR-34a-5p,TP53
hsa-miR-4531,TP53
hsa-miR-454-3p,TP53
hsa-miR-504-5p,TP53
hsa-miR-5196-3p,TP53
hsa-miR-608,TP53
hsa-miR-612,TP53
hsa-miR-1276,VAPA
hsa-miR-30a-5p,VAPA
hsa-miR-30b-5p,VAPA
hsa-miR-30c-5p,VAPA
hsa-miR-30d-5p,VAPA
hsa-miR-30e-5p,VAPA
hsa-miR-329-3p,VAPA
hsa-miR-377-3p,VAPA
hsa-let-7a-5p,VAV2
hsa-miR-155-5p,VAV2
hsa-miR-15a-5p,VAV2
hsa-miR-15b-5p,VAV2
hsa-miR-16-5p,VAV2
hsa-miR-214-3p,VAV2
hsa-miR-218-5p,VAV2
hsa-miR-331-3p,VAV2
hsa-miR-424-5p,VAV2
hsa-miR-761,VAV2
hsa-miR-1180-5p,VAV3
hsa-miR-1226-5p,VAV3
hsa-miR-1234-3p,VAV3
hsa-miR-149-5p,VAV3
hsa-miR-186-5p,VAV3
hsa-miR-199a-5p,VAV3
hsa-miR-199b-5p,VAV3
hsa-miR-2117,VAV3
hsa-miR-23a-3p,VAV3
hsa-miR-23b-3p,VAV3
hsa-miR-23c,VAV3
hsa-miR-30a-3p,VAV3
hsa-miR-324-3p,VAV3
hsa-miR-34a-5p,VAV3
hsa-miR-4435,VAV3
hsa-miR-4532,VAV3
hsa-miR-455-5p,VAV3
hsa-miR-498,VAV3
hsa-miR-520a-5p,VAV3
hsa-miR-561-5p,VAV3
hsa-miR-766-3p,VAV3
hsa-miR-98-5p,VAV3
hsa-let-7a-5p,VCL
hsa-let-7b-5p,VCL
hsa-let-7c-5p,VCL
hsa-let-7d-5p,VCL
hsa-let-7e-5p,VCL
hsa-let-7f-5p,VCL
hsa-let-7g-5p,VCL
hsa-let-7i-5p,VCL
hsa-miR-125b-5p,VCL
hsa-miR-15a-5p,VCL
hsa-miR-15b-5p,VCL
hsa-miR-16-5p,VCL
hsa-miR-222-3p,VCL
hsa-miR-34a-5p,VCL
hsa-miR-98-5p,VCL
hsa-let-7b-5p,WASF1
hsa-miR-122-5p,WASF1
hsa-miR-411-5p,WASF1
hsa-miR-146a-5p,WASF2
hsa-miR-26b-5p,WASF2
hsa-miR-34a-5p,WASF2
hsa-miR-6728-5p,WASF2
hsa-miR-940,WASF2
hsa-let-7a-5p,WASL
hsa-let-7b-5p,WASL
hsa-let-7c-5p,WASL
hsa-let-7d-5p,WASL
hsa-let-7e-5p,WASL
hsa-let-7f-5p,WASL
hsa-let-7g-5p,WASL
hsa-let-7i-5p,WASL
hsa-miR-106a-5p,WASL
hsa-miR-106b-5p,WASL
hsa-miR-1193,WASL
hsa-miR-128-3p,WASL
hsa-miR-130a-3p,WASL
hsa-miR-142-3p,WASL
hsa-miR-148b-3p,WASL
hsa-miR-152-3p,WASL
hsa-miR-17-5p,WASL
hsa-miR-19a-3p,WASL
hsa-miR-19b-3p,WASL
hsa-miR-20a-5p,WASL
hsa-miR-20b-5p,WASL
hsa-miR-25-3p,WASL
hsa-miR-27a-3p,WASL
hsa-miR-27b-3p,WASL
hsa-miR-301a-3p,WASL
hsa-miR-323a-3p,WASL
hsa-miR-329-3p,WASL
hsa-miR-363-3p,WASL
hsa-miR-379-5p,WASL
hsa-miR-454-3p,WASL
hsa-miR-495-3p,WASL
hsa-miR-519a-3p,WASL
hsa-miR-519d-3p,WASL
hsa-miR-520h,WASL
hsa-miR-877-5p,WASL
hsa-miR-92a-3p,WASL
hsa-miR-92b-3p,WASL
hsa-miR-93-5p,WASL
hsa-miR-98-5p,WASL
hsa-miR-100-5p,YBX3
hsa-miR-155-5p,YBX3
hsa-miR-16-5p,YBX3
hsa-miR-18a-5p,YBX3
hsa-miR-191-5p,YBX3
hsa-miR-30a-5p,YBX3
hsa-miR-92a-3p,YBX3
hsa-miR-106b-5p,YES1
hsa-miR-10a-5p,YES1
hsa-miR-125a-5p,YES1
hsa-miR-142-3p,YES1
hsa-miR-145-5p,YES1
hsa-miR-17-5p,YES1
hsa-miR-186-5p,YES1
hsa-miR-24-3p,YES1
hsa-miR-519a-3p,YES1
hsa-miR-548ah-3p,YES1
hsa-miR-548h-3p,YES1
hsa-miR-548j-3p,YES1
hsa-miR-548z,YES1
hsa-miR-141-3p,ZEB1
hsa-miR-200b-3p,ZEB1
hsa-miR-2113,ZEB1
hsa-miR-23b-3p,ZEB1
hsa-miR-4455,ZEB1
hsa-miR-494-3p,ZEB1
hsa-miR-574-5p,ZEB1
